2026-02-22_07-32-49,---,main.py:2026-02-22_07-32-49
2026-02-22_08-41-46,0,main.py:2026-02-22_08-41-46
2026-02-22_08-41-47,0,main.py:2026-02-22_08-41-46
2026-02-22_08-41-47,0,main.py:2026-02-22_08-41-46
2026-02-22_08-41-52,---,main.py:2026-02-22_08-41-46
2026-02-22_09-08-25,33,main.py:2026-02-22_09-08-25
2026-02-22_09-08-35,100,main.py:2026-02-22_09-08-35
2026-02-22_09-11-27,33,main.py:2026-02-22_09-11-27
2026-02-22_09-13-58,---,main.py:2026-02-22_09-13-58
2026-02-22_09-14-02,100,main.py:2026-02-22_09-13-58
2026-02-22_09-14-28,100,main.py:2026-02-22_09-14-28
