2025-08-31_21-43-32,None,Shell.java:2025-08-31_21-43-32
2025-08-31_22-15-34,None,Shell.java:2025-08-31_22-15-34
2025-08-31_22-16-56,None,Shell.java:2025-08-31_22-16-56
2025-08-31_22-18-37,None,Shell.java:2025-08-31_22-18-37
2025-08-31_22-23-43,None,Shell.java:2025-08-31_22-23-43
2025-08-31_22-24-07,None,Shell.java:2025-08-31_22-23-43
2025-08-31_22-24-50,None,Shell.java:2025-08-31_22-24-50
2025-08-31_22-25-29,None,Shell.java:2025-08-31_22-25-29
2025-08-31_22-26-51,None,Shell.java:2025-08-31_22-26-51
2025-08-31_22-27-00,None,Shell.java:2025-08-31_22-26-51
