2026-02-19_10-25-35,---,draft.py:2026-02-19_10-25-35
2026-02-19_10-26-15,---,draft.py:2026-02-19_10-26-15
2026-02-19_10-36-06,---,draft.py:2026-02-19_10-36-06
2026-02-19_13-09-29,---,draft.py:2026-02-19_13-09-29
2026-02-19_15-53-29,0,draft.py:2026-02-19_15-53-29
2026-02-19_15-54-39,16,draft.py:2026-02-19_15-54-39
2026-02-19_15-56-08,33,draft.py:2026-02-19_15-56-08
2026-02-19_15-56-29,---,draft.py:2026-02-19_15-56-08
2026-02-19_15-57-19,0,draft.py:2026-02-19_15-57-19
2026-02-19_15-57-24,33,draft.py:2026-02-19_15-57-24
2026-02-19_16-00-46,33,draft.py:2026-02-19_16-00-46
2026-02-19_16-01-24,50,draft.py:2026-02-19_16-01-24
2026-02-19_16-05-44,50,draft.py:2026-02-19_16-05-44
2026-02-19_16-05-55,50,draft.py:2026-02-19_16-05-55
2026-02-19_16-06-09,66,draft.py:2026-02-19_16-06-09
2026-02-19_16-06-57,66,draft.py:2026-02-19_16-06-57
2026-02-19_16-09-51,66,draft.py:2026-02-19_16-09-51
2026-02-19_16-25-34,66,draft.py:2026-02-19_16-25-34
2026-02-19_16-26-11,66,draft.py:2026-02-19_16-26-11
2026-02-19_18-28-35,66,draft.py:2026-02-19_16-26-11
2026-02-19_18-28-51,66,draft.py:2026-02-19_18-28-51
2026-02-19_18-29-38,66,draft.py:2026-02-19_18-29-38
2026-02-19_18-36-49,83,draft.py:2026-02-19_18-36-49
2026-02-19_18-41-25,83,draft.py:2026-02-19_18-36-49
