2025-07-20_20-18-40,None,draft.c:2025-07-20_20-18-40
2025-07-20_20-18-40,None,draft.c:2025-07-20_20-18-40
2025-07-20_20-18-41,None,draft.c:2025-07-20_20-18-41
2025-07-20_20-18-41,None,draft.c:2025-07-20_20-18-41
2025-07-20_20-18-41,None,draft.c:2025-07-20_20-18-41
2025-07-20_20-18-41,None,draft.c:2025-07-20_20-18-41
2025-07-20_20-18-42,None,draft.c:2025-07-20_20-18-42
2025-07-20_20-18-42,None,draft.c:2025-07-20_20-18-42
2025-07-20_20-18-42,None,draft.c:2025-07-20_20-18-42
2025-07-20_20-18-42,None,draft.c:2025-07-20_20-18-42
2025-07-20_20-18-42,None,draft.c:2025-07-20_20-18-42
2025-07-20_20-18-48,None,draft.c:2025-07-20_20-18-42
2025-07-20_20-19-05,None,draft.c:2025-07-20_20-18-42
2025-07-20_20-19-06,None,draft.c:2025-07-20_20-18-42
2025-07-20_20-19-09,None,draft.c:2025-07-20_20-18-42
2025-07-28_16-21-03,None,draft.java:2025-07-28_16-21-03
2025-07-28_16-21-05,None,draft.java:2025-07-28_16-21-03
2025-07-28_21-00-52,None,draft.java:2025-07-28_16-21-03
2025-07-28_21-25-51,None,draft.java:2025-07-28_21-25-51
