2025-08-29_16-42-43,None,Shell.java:2025-08-29_16-42-43
2025-08-29_17-00-10,None,Shell.java:2025-08-29_17-00-10
2025-08-30_09-50-34,None,Shell.java:2025-08-30_09-50-34
2025-08-30_10-37-26,None,Shell.java:2025-08-30_10-37-26
2025-08-30_10-38-57,None,Shell.java:2025-08-30_10-38-57
2025-08-30_10-39-55,None,Shell.java:2025-08-30_10-39-55
2025-08-30_10-40-39,None,Shell.java:2025-08-30_10-40-39
2025-08-30_10-47-17,None,Shell.java:2025-08-30_10-40-39
2025-08-30_10-49-01,None,Shell.java:2025-08-30_10-40-39
2025-08-30_10-49-05,None,Shell.java:2025-08-30_10-40-39
2025-08-30_10-50-36,None,Shell.java:2025-08-30_10-50-36
