2026-02-02_12-38-48,---,draft.py:2026-02-02_12-38-48
2026-02-02_12-38-57,---,draft.py:2026-02-02_12-38-48
2026-02-02_12-55-32,0,draft.py:2026-02-02_12-55-32
2026-02-02_13-00-57,---,draft.py:2026-02-02_13-00-57
2026-02-02_13-06-32,---,draft.py:2026-02-02_13-06-32
2026-02-02_13-07-06,0,draft.py:2026-02-02_13-07-06
2026-02-02_13-07-44,0,draft.py:2026-02-02_13-07-44
2026-02-02_13-08-32,0,draft.py:2026-02-02_13-08-32
2026-02-02_13-09-43,0,draft.py:2026-02-02_13-09-43
2026-02-02_13-09-55,0,draft.py:2026-02-02_13-09-55
2026-02-02_13-10-37,0,draft.py:2026-02-02_13-10-37
2026-02-02_13-13-00,0,draft.py:2026-02-02_13-13-00
2026-02-02_13-13-39,25,draft.py:2026-02-02_13-13-39
2026-02-02_13-14-45,100,draft.py:2026-02-02_13-14-45
2026-02-02_13-16-52,100,draft.py:2026-02-02_13-16-52
