2026-02-20_12-17-34,---,draft.py:2026-02-20_12-17-34
2026-02-20_12-46-07,70,draft.py:2026-02-20_12-46-07
2026-02-20_12-47-58,40,draft.py:2026-02-20_12-47-58
2026-02-20_12-48-05,40,draft.py:2026-02-20_12-47-58
2026-02-20_12-48-16,60,draft.py:2026-02-20_12-48-16
2026-02-20_12-49-22,0,draft.py:2026-02-20_12-49-22
2026-02-20_12-49-48,0,draft.py:2026-02-20_12-49-48
2026-02-20_12-50-53,0,draft.py:2026-02-20_12-50-53
2026-02-20_12-51-30,0,draft.py:2026-02-20_12-51-30
2026-02-20_13-03-19,10,draft.py:2026-02-20_13-03-19
2026-02-20_13-03-28,100,draft.py:2026-02-20_13-03-28
