2025-07-29_11-03-06,None,Shell.java:2025-07-29_11-03-06
2025-07-29_11-03-48,None,Shell.java:2025-07-29_11-03-48
2025-07-29_11-04-04,None,Shell.java:2025-07-29_11-04-04
2025-07-29_11-04-24,None,Shell.java:2025-07-29_11-04-24
2025-07-29_11-04-29,None,Shell.java:2025-07-29_11-04-29
2025-07-29_11-05-26,None,Shell.java:2025-07-29_11-05-26
2025-07-29_11-05-56,None,Shell.java:2025-07-29_11-05-26
2025-07-29_11-06-41,None,Shell.java:2025-07-29_11-06-41
2025-07-29_11-07-28,None,Shell.java:2025-07-29_11-06-41
2025-07-29_11-08-11,None,Shell.java:2025-07-29_11-08-11
2025-07-29_11-09-01,None,Shell.java:2025-07-29_11-09-01
2025-07-29_11-10-06,None,Shell.java:2025-07-29_11-10-06
2025-07-31_11-04-30,None,Shell.java:2025-07-29_11-10-06
