2026-02-12_12-31-45,---,draft.py:2026-02-12_12-31-45
2026-02-12_12-32-15,0,draft.py:2026-02-12_12-31-45
2026-02-12_12-35-33,---,draft.py:2026-02-12_12-35-33
2026-02-12_13-02-59,14,draft.py:2026-02-12_13-02-59
2026-02-12_13-04-10,---,draft.py:2026-02-12_13-04-10
2026-02-12_13-19-25,42,draft.py:2026-02-12_13-19-25
2026-02-12_13-21-33,57,draft.py:2026-02-12_13-21-33
2026-02-12_13-26-19,57,draft.py:2026-02-12_13-26-19
2026-02-12_13-26-37,57,draft.py:2026-02-12_13-26-37
2026-02-12_13-27-19,57,draft.py:2026-02-12_13-27-19
2026-02-12_13-28-45,57,draft.py:2026-02-12_13-27-19
2026-02-12_13-40-53,57,draft.py:2026-02-12_13-27-19
2026-02-12_13-41-00,---,draft.py:2026-02-12_13-27-19
2026-02-12_14-20-06,57,draft.py:2026-02-12_14-20-06
2026-02-12_14-20-34,71,draft.py:2026-02-12_14-20-34
2026-02-12_14-32-29,---,draft.py:2026-02-12_14-32-29
2026-02-12_14-35-05,85,draft.py:2026-02-12_14-35-05
2026-02-12_14-37-53,71,draft.py:2026-02-12_14-37-53
2026-02-12_14-40-35,85,draft.py:2026-02-12_14-40-35
2026-02-12_19-31-18,---,draft.py:2026-02-12_19-31-18
2026-02-12_19-33-31,100,draft.py:2026-02-12_19-33-31
2026-02-12_19-52-47,85,draft.py:2026-02-12_19-52-47
2026-02-12_19-54-15,100,draft.py:2026-02-12_19-54-15
