2026-02-14_11-15-28,---,draft.py:2026-02-14_11-15-28
2026-02-14_11-41-18,---,draft.py:2026-02-14_11-41-18
2026-02-14_11-49-49,0,draft.py:2026-02-14_11-49-49
2026-02-14_11-49-49,---,draft.py:2026-02-14_11-49-49
2026-02-14_12-33-18,0,draft.py:2026-02-14_12-33-18
2026-02-14_12-33-26,38,draft.py:2026-02-14_12-33-26
2026-02-14_12-43-41,61,draft.py:2026-02-14_12-43-41
2026-02-14_12-49-05,7,draft.py:2026-02-14_12-49-05
2026-02-14_12-49-24,61,draft.py:2026-02-14_12-49-24
2026-02-14_12-49-35,7,draft.py:2026-02-14_12-49-35
2026-02-14_12-50-58,0,draft.py:2026-02-14_12-50-58
2026-02-14_12-52-27,0,draft.py:2026-02-14_12-52-27
2026-02-14_12-54-32,61,draft.py:2026-02-14_12-54-32
2026-02-14_12-55-42,15,draft.py:2026-02-14_12-55-42
2026-02-14_14-32-07,0,draft.py:2026-02-14_14-32-07
2026-02-14_14-32-41,61,draft.py:2026-02-14_14-32-41
2026-02-14_14-34-30,7,draft.py:2026-02-14_14-34-30
2026-02-14_14-37-37,38,draft.py:2026-02-14_14-37-37
2026-02-14_14-39-38,---,draft.py:2026-02-14_14-39-38
2026-02-14_14-39-44,0,draft.py:2026-02-14_14-39-38
2026-02-14_14-41-01,0,draft.py:2026-02-14_14-41-01
2026-02-14_14-41-13,61,draft.py:2026-02-14_14-41-13
2026-02-14_14-41-22,0,draft.py:2026-02-14_14-41-22
2026-02-14_14-44-29,0,draft.py:2026-02-14_14-44-29
2026-02-14_14-45-37,0,draft.py:2026-02-14_14-45-37
2026-02-14_14-46-52,0,draft.py:2026-02-14_14-46-52
2026-02-14_14-48-28,0,draft.py:2026-02-14_14-48-28
2026-02-14_14-48-45,0,draft.py:2026-02-14_14-48-45
2026-02-14_14-49-06,0,draft.py:2026-02-14_14-49-06
2026-02-14_14-49-53,0,draft.py:2026-02-14_14-49-53
2026-02-14_14-50-03,0,draft.py:2026-02-14_14-50-03
2026-02-14_14-50-21,23,draft.py:2026-02-14_14-50-21
2026-02-14_14-51-23,0,draft.py:2026-02-14_14-51-23
2026-02-14_14-51-40,23,draft.py:2026-02-14_14-51-40
2026-02-14_14-51-56,76,draft.py:2026-02-14_14-51-56
2026-02-14_14-52-29,53,draft.py:2026-02-14_14-52-29
2026-02-14_14-52-52,76,draft.py:2026-02-14_14-52-52
2026-02-14_14-54-02,23,draft.py:2026-02-14_14-54-02
2026-02-14_14-55-37,76,draft.py:2026-02-14_14-55-37
2026-02-14_14-57-27,0,draft.py:2026-02-14_14-57-27
2026-02-14_14-58-44,23,draft.py:2026-02-14_14-58-44
2026-02-14_14-59-28,0,draft.py:2026-02-14_14-59-28
2026-02-14_15-00-56,0,draft.py:2026-02-14_15-00-56
2026-02-14_15-04-26,76,draft.py:2026-02-14_15-04-26
2026-02-14_15-05-56,30,draft.py:2026-02-14_15-05-56
2026-02-14_15-07-11,0,draft.py:2026-02-14_15-07-11
2026-02-14_15-09-13,30,draft.py:2026-02-14_15-09-13
2026-02-14_15-09-47,30,draft.py:2026-02-14_15-09-47
2026-02-14_15-09-58,100,draft.py:2026-02-14_15-09-58
