2026-02-13_08-20-07,---,draft.py:2026-02-13_08-20-07
2026-02-13_08-49-42,---,draft.py:2026-02-13_08-49-42
2026-02-13_08-53-04,0,draft.py:2026-02-13_08-53-04
2026-02-13_08-54-01,0,draft.py:2026-02-13_08-54-01
2026-02-13_08-54-27,---,draft.py:2026-02-13_08-54-27
2026-02-13_08-54-56,0,draft.py:2026-02-13_08-54-27
2026-02-13_08-58-24,---,draft.py:2026-02-13_08-58-24
2026-02-13_09-02-30,---,draft.py:2026-02-13_09-02-30
2026-02-13_09-08-17,12,draft.py:2026-02-13_09-08-17
2026-02-13_09-14-48,---,draft.py:2026-02-13_09-14-48
2026-02-13_09-38-03,---,draft.py:2026-02-13_09-38-03
2026-02-13_09-39-36,---,draft.py:2026-02-13_09-39-36
2026-02-13_09-40-51,---,draft.py:2026-02-13_09-40-51
2026-02-13_09-41-37,---,draft.py:2026-02-13_09-40-51
2026-02-13_09-42-33,---,draft.py:2026-02-13_09-40-51
2026-02-13_09-44-08,---,draft.py:2026-02-13_09-44-08
2026-02-13_09-48-15,---,draft.py:2026-02-13_09-48-15
2026-02-13_09-48-22,---,draft.py:2026-02-13_09-48-15
2026-02-13_09-50-34,12,draft.py:2026-02-13_09-50-34
2026-02-13_09-51-22,12,draft.py:2026-02-13_09-51-22
2026-02-13_09-52-46,12,draft.py:2026-02-13_09-52-46
2026-02-13_14-39-10,---,draft.py:2026-02-13_14-39-10
2026-02-13_14-44-38,25,draft.py:2026-02-13_14-39-10
2026-02-13_14-47-06,---,draft.py:2026-02-13_14-47-06
2026-02-13_14-52-18,---,draft.py:2026-02-13_14-52-18
2026-02-13_14-57-04,37,draft.py:2026-02-13_14-57-04
2026-02-13_14-58-26,---,draft.py:2026-02-13_14-58-26
2026-02-13_15-08-07,37,draft.py:2026-02-13_15-08-07
2026-02-13_15-09-04,37,draft.py:2026-02-13_15-09-04
2026-02-13_15-09-14,37,draft.py:2026-02-13_15-09-14
2026-02-13_15-10-47,37,draft.py:2026-02-13_15-10-47
2026-02-13_15-11-17,37,draft.py:2026-02-13_15-11-17
2026-02-13_15-12-30,37,draft.py:2026-02-13_15-12-30
2026-02-13_15-13-15,37,draft.py:2026-02-13_15-13-15
2026-02-13_15-13-41,50,draft.py:2026-02-13_15-13-41
2026-02-13_15-24-33,---,draft.py:2026-02-13_15-24-33
2026-02-13_15-26-26,62,draft.py:2026-02-13_15-26-26
2026-02-13_15-31-35,---,draft.py:2026-02-13_15-31-35
2026-02-13_15-50-10,75,draft.py:2026-02-13_15-50-10
2026-02-13_15-51-02,---,draft.py:2026-02-13_15-51-02
2026-02-13_15-55-07,87,draft.py:2026-02-13_15-55-07
2026-02-13_15-57-43,---,draft.py:2026-02-13_15-57-43
2026-02-13_16-00-09,100,draft.py:2026-02-13_16-00-09
2026-02-13_16-00-14,100,draft.py:2026-02-13_16-00-09
2026-02-13_16-00-15,100,draft.py:2026-02-13_16-00-09
2026-02-14_10-05-53,---,draft.py:2026-02-13_16-00-09
